{
  "fallback": "repurposed_structures:mansions/mangrove/mobs/vindicators",
  "elements": [
    {
      "weight": 1,
      "element": {
        "location": "repurposed_structures:mansions/hostile_mobs/vindicator",
        "processors": "minecraft:empty",
        "projection": "rigid",
        "element_type": "minecraft:single_pool_element"
      }
    },
	{
      "weight": 1,
      "element": {
        "location": "repurposed_structures:mansions/hostile_mobs/basher",
        "processors": "minecraft:empty",
        "projection": "rigid",
        "element_type": "minecraft:single_pool_element"
      }
	}
  ]
}