{
  "color": "#d4ac74",
  "containers": [
    {
      "filled": [
        "biomeswevegone:allium_oddion_soup"
      ],
      "empty": "minecraft:bowl",
      "capacity": 2
    }
  ],
  "flowing_texture": "moonlight:block/soft_fluids/potion_flow",
  "food": {
    "divider": 2,
    "item": "biomeswevegone:allium_oddion_soup"
  },
  "from_mod": "biomeswevegone",
  "still_texture": "moonlight:block/soft_fluids/soup_liquid",
  "translation_key": "item.biomeswevegone.allium_oddion_soup"
}