{
  "color": "#9cb484",
  "containers": [
    {
      "filled": [
        "quarkdelight:cavern_explorer_stew"
      ],
      "empty": "minecraft:bowl",
      "capacity": 2
    }
  ],
  "flowing_texture": "moonlight:block/soft_fluids/potion_flow",
  "food": {
    "divider": 2,
    "item": "quarkdelight:cavern_explorer_stew"
  },
  "from_mod": "quarkdelight",
  "still_texture": "moonlight:block/soft_fluids/soup_liquid",
  "translation_key": "item.quarkdelight.cavern_explorer_stew"
}