{
  "color": "#87af5c",
  "containers": [
    {
      "filled": [
        "expandeddelight:asparagus_soup_creamy"
      ],
      "empty": "minecraft:bowl",
      "capacity": 2
    }
  ],
  "flowing_texture": "moonlight:block/soft_fluids/potion_flow",
  "food": {
    "divider": 2,
    "item": "expandeddelight:asparagus_soup_creamy"
  },
  "from_mod": "expandeddelight",
  "still_texture": "moonlight:block/soft_fluids/soup_liquid",
  "translation_key": "item.expandeddelight.asparagus_soup_creamy"
}