{
  "containers": [
    {
      "filled": [
        "theinkarena:ink_bucket"
      ],
      "fill_sound": "minecraft:item.bucket.fill_lava",
      "empty_sound": "minecraft:item.bucket.empty_lava",
      "empty": "minecraft:bucket",
      "capacity": 2
    },
    {
      "filled": [
        "theinkarena:ink_bottle"
      ],
      "fill_sound": "minecraft:item.bucket.fill_lava",
      "empty_sound": "minecraft:item.bucket.empty_lava",
      "empty": "minecraft:bottle",
      "capacity": 1
    }
  ],
  "equivalent_fluids": [
    "theinkarena:ink"
  ],
  "flowing_texture": "theinkarena:block/inkflowing",
  "still_texture": "theinkarena:block/ink",
  "translation_key": "block.minecraft.lava",
  "tint_method": "no_tint"
}