{
  "color": "#cc9154",
  "containers": [
    {
      "filled": [
        "quarkdelight:miso_with_bamboo_sprouts"
      ],
      "empty": "minecraft:bowl",
      "capacity": 2
    }
  ],
  "flowing_texture": "moonlight:block/soft_fluids/potion_flow",
  "food": {
    "divider": 2,
    "item": "quarkdelight:miso_with_bamboo_sprouts"
  },
  "from_mod": "quarkdelight",
  "still_texture": "moonlight:block/soft_fluids/soup_liquid",
  "translation_key": "item.quarkdelight.miso_with_bamboo_sprouts"
}