{
  "color": "#31a4bc",
  "containers": [
    {
      "filled": [
        "toughasnails:purified_water_bottle"
      ],
      "empty": "minecraft:glass_bottle",
      "capacity": 1
    }
  ],
  "flowing_texture": "moonlight:block/soft_fluids/potion_flow",
  "food": {
    "divider": 1,
    "item": "toughasnails:purified_water_bottle"
  },
  "from_mod": "toughasnails",
  "still_texture": "minecraft:block/water_still",
  "translation_key": "item.toughasnails.purified_water_bottle"
}