{
  "color": "#932628",
  "containers": [
    {
      "filled": [
        "mynethersdelight:spicy_noodle_soup"
      ],
      "empty": "minecraft:bowl",
      "capacity": 2
    }
  ],
  "flowing_texture": "moonlight:block/soft_fluids/potion_flow",
  "food": {
    "divider": 2,
    "item": "mynethersdelight:spicy_noodle_soup"
  },
  "from_mod": "mynethersdelight",
  "still_texture": "moonlight:block/soft_fluids/soup_liquid",
  "translation_key": "item.mynethersdelight.spicy_noodle_soup"
}