{
  "color": "#9c8c6c",
  "containers": [
    {
      "filled": [
        "twilightdelight:thousand_plant_stew"
      ],
      "empty": "minecraft:bowl",
      "capacity": 2
    }
  ],
  "flowing_texture": "moonlight:block/soft_fluids/potion_flow",
  "food": {
    "divider": 2,
    "item": "twilightdelight:thousand_plant_stew"
  },
  "from_mod": "twilightdelight",
  "still_texture": "moonlight:block/soft_fluids/soup_liquid",
  "translation_key": "item.twilightdelight.thousand_plant_stew"
}